2,SMITH,AARON
3,SMITH,ABDUL
4,SMITH,ABE
5,SMITH,ABEL
6,SMITH,ABRAHAM
7,SMITH,ABRAM
8,SMITH,ADALBERTO
9,SMITH,ADAM
10,SMITH,ADAN
11,JOHNSON,AARON
12,JOHNSON,ABDUL
13,JOHNSON,ABE
14,JOHNSON,ABEL
15,JOHNSON,ABRAHAM
16,JOHNSON,ABRAM
17,JOHNSON,ADALBERTO
18,JOHNSON,ADAM
19,JOHNSON,ADAN
20,WILLIAMS,AARON
21,WILLIAMS,ABDUL
22,WILLIAMS,ABE
23,WILLIAMS,ABEL
24,WILLIAMS,ABRAHAM
25,WILLIAMS,ABRAM
26,WILLIAMS,ADALBERTO
27,WILLIAMS,ADAM
28,WILLIAMS,ADAN
29,JONES,AARON
30,JONES,ABDUL
31,JONES,ABE
32,JONES,ABEL
33,JONES,ABRAHAM
34,JONES,ABRAM
35,JONES,ADALBERTO
36,JONES,ADAM
37,JONES,ADAN
38,BROWN,AARON
39,BROWN,ABDUL
40,BROWN,ABE
41,BROWN,ABEL
42,BROWN,ABRAHAM
43,BROWN,ABRAM
44,BROWN,ADALBERTO
45,BROWN,ADAM
46,BROWN,ADAN
47,DAVIS,AARON
48,DAVIS,ABDUL
49,DAVIS,ABE
50,DAVIS,ABEL
51,DAVIS,ABRAHAM
52,DAVIS,ABRAM
53,DAVIS,ADALBERTO
54,DAVIS,ADAM
55,DAVIS,ADAN
56,MILLER,AARON
57,MILLER,ABDUL
58,MILLER,ABE
59,MILLER,ABEL
60,MILLER,ABRAHAM
61,MILLER,ABRAM
62,MILLER,ADALBERTO
63,MILLER,ADAM
64,MILLER,ADAN
65,WILSON,AARON
66,WILSON,ABDUL
67,WILSON,ABE
68,WILSON,ABEL
69,WILSON,ABRAHAM
70,WILSON,ABRAM
71,WILSON,ADALBERTO
72,WILSON,ADAM
73,WILSON,ADAN
74,MOORE,AARON
75,MOORE,ABDUL
76,MOORE,ABE
77,MOORE,ABEL
78,MOORE,ABRAHAM
79,MOORE,ABRAM
80,MOORE,ADALBERTO
81,MOORE,ADAM
